<?xml version="1.0" encoding="UTF-8"?>
<MF0 version="1.1" packageUris="http://schema.mathworks.com/mf0/ci/19700101 http://schema.mathworks.com/mf0/sl_modelref_info/R2020b http://schema.mathworks.com/mf0/slexec_mm_sto/R2019b_201902271317">
  <ModelRefInfoRepo.ModelRefInfoRoot type="ModelRefInfoRepo.ModelRefInfoRoot" uuid="1acb6651-a6fd-442b-a5b8-b408acc8633c">
    <autoSolverStatusFlags>323</autoSolverStatusFlags>
    <childModelRefInfo type="ModelRefInfoRepo.ChildModelRefInfo" uuid="1ff1b554-fc73-494c-a6ef-0416a561abc7">
      <modelName>TestKinematics</modelName>
      <modelPath>TestKinematics</modelPath>
    </childModelRefInfo>
    <dataTransferInfos>AAFJTQAAAAAOAAAAOAAAAAYAAAAIAAAAAgAAAAAAAAAFAAAACAAAAAAAAAABAAAAAQAAAAAAAAAFAAQAAQAAAAEAAAAAAAAA</dataTransferInfos>
    <defaultsCMapping>{&quot;Inports&quot;:&quot;{\&quot;Name\&quot;:\&quot;Default\&quot;,\&quot;Checksum\&quot;:\&quot;Default\&quot;,\&quot;PerInstancePropertiesChecksum\&quot;:\&quot;\&quot;,\&quot;MemorySectionName\&quot;:\&quot;None\&quot;,\&quot;MemorySectionChecksum\&quot;:\&quot;None\&quot;}&quot;,&quot;Outports&quot;:&quot;{\&quot;Name\&quot;:\&quot;Default\&quot;,\&quot;Checksum\&quot;:\&quot;Default\&quot;,\&quot;PerInstancePropertiesChecksum\&quot;:\&quot;\&quot;,\&quot;MemorySectionName\&quot;:\&quot;None\&quot;,\&quot;MemorySectionChecksum\&quot;:\&quot;None\&quot;}&quot;,&quot;ParameterArguments&quot;:&quot;{\&quot;Name\&quot;:\&quot;Default\&quot;,\&quot;Checksum\&quot;:\&quot;Default\&quot;,\&quot;PerInstancePropertiesChecksum\&quot;:\&quot;\&quot;,\&quot;MemorySectionName\&quot;:\&quot;None\&quot;,\&quot;MemorySectionChecksum\&quot;:\&quot;None\&quot;}&quot;,&quot;LocalParameters&quot;:&quot;{\&quot;Name\&quot;:\&quot;PageSwitching\&quot;,\&quot;Checksum\&quot;:\&quot;1096476550\&quot;,\&quot;PerInstancePropertiesChecksum\&quot;:\&quot;\&quot;,\&quot;MemorySectionName\&quot;:\&quot;None\&quot;,\&quot;MemorySectionChecksum\&quot;:\&quot;None\&quot;}&quot;,&quot;GlobalParameters&quot;:&quot;{\&quot;Name\&quot;:\&quot;Default\&quot;,\&quot;Checksum\&quot;:\&quot;Default\&quot;,\&quot;PerInstancePropertiesChecksum\&quot;:\&quot;\&quot;,\&quot;MemorySectionName\&quot;:\&quot;None\&quot;,\&quot;MemorySectionChecksum\&quot;:\&quot;None\&quot;}&quot;,&quot;InternalData&quot;:&quot;{\&quot;Name\&quot;:\&quot;Default\&quot;,\&quot;Checksum\&quot;:\&quot;Default\&quot;,\&quot;PerInstancePropertiesChecksum\&quot;:\&quot;\&quot;,\&quot;MemorySectionName\&quot;:\&quot;None\&quot;,\&quot;MemorySectionChecksum\&quot;:\&quot;None\&quot;}&quot;,&quot;SharedLocalDataStores&quot;:&quot;{\&quot;Name\&quot;:\&quot;Default\&quot;,\&quot;Checksum\&quot;:\&quot;Default\&quot;,\&quot;PerInstancePropertiesChecksum\&quot;:\&quot;\&quot;,\&quot;MemorySectionName\&quot;:\&quot;None\&quot;,\&quot;MemorySectionChecksum\&quot;:\&quot;None\&quot;}&quot;,&quot;GlobalDataStores&quot;:&quot;{\&quot;Name\&quot;:\&quot;Default\&quot;,\&quot;Checksum\&quot;:\&quot;Default\&quot;,\&quot;PerInstancePropertiesChecksum\&quot;:\&quot;\&quot;,\&quot;MemorySectionName\&quot;:\&quot;None\&quot;,\&quot;MemorySectionChecksum\&quot;:\&quot;None\&quot;}&quot;,&quot;Constants&quot;:&quot;{\&quot;Name\&quot;:\&quot;Default\&quot;,\&quot;Checksum\&quot;:\&quot;Default\&quot;,\&quot;PerInstancePropertiesChecksum\&quot;:\&quot;\&quot;,\&quot;MemorySectionName\&quot;:\&quot;None\&quot;,\&quot;MemorySectionChecksum\&quot;:\&quot;None\&quot;}&quot;,&quot;DataTransfers&quot;:&quot;{\&quot;Name\&quot;:\&quot;Default\&quot;,\&quot;Checksum\&quot;:\&quot;Default\&quot;,\&quot;PerInstancePropertiesChecksum\&quot;:\&quot;\&quot;,\&quot;MemorySectionName\&quot;:\&quot;None\&quot;,\&quot;MemorySectionChecksum\&quot;:\&quot;None\&quot;}&quot;,&quot;ModelData&quot;:&quot;{\&quot;Name\&quot;:\&quot;Default\&quot;,\&quot;Checksum\&quot;:\&quot;Default\&quot;,\&quot;PerInstancePropertiesChecksum\&quot;:\&quot;\&quot;,\&quot;MemorySectionName\&quot;:\&quot;None\&quot;,\&quot;MemorySectionChecksum\&quot;:\&quot;None\&quot;}&quot;,&quot;InitializeTerminate&quot;:&quot;{\&quot;Name\&quot;:\&quot;Default\&quot;,\&quot;Checksum\&quot;:\&quot;Default\&quot;,\&quot;PerInstancePropertiesChecksum\&quot;:\&quot;\&quot;,\&quot;MemorySectionName\&quot;:\&quot;None\&quot;,\&quot;MemorySectionChecksum\&quot;:\&quot;None\&quot;}&quot;,&quot;Execution&quot;:&quot;{\&quot;Name\&quot;:\&quot;Default\&quot;,\&quot;Checksum\&quot;:\&quot;Default\&quot;,\&quot;PerInstancePropertiesChecksum\&quot;:\&quot;\&quot;,\&quot;MemorySectionName\&quot;:\&quot;None\&quot;,\&quot;MemorySectionChecksum\&quot;:\&quot;None\&quot;}&quot;,&quot;SharedUtility&quot;:&quot;{\&quot;Name\&quot;:\&quot;Default\&quot;,\&quot;Checksum\&quot;:\&quot;Default\&quot;,\&quot;PerInstancePropertiesChecksum\&quot;:\&quot;\&quot;,\&quot;MemorySectionName\&quot;:\&quot;None\&quot;,\&quot;MemorySectionChecksum\&quot;:\&quot;None\&quot;}&quot;}</defaultsCMapping>
    <fundamentalSampleTimePeriod>.001</fundamentalSampleTimePeriod>
    <globalVariables>simTime</globalVariables>
    <globalVariables>theta1_final</globalVariables>
    <globalVariables>theta2_final</globalVariables>
    <hasBlockWithPeriodicDiscreteSampleTime>true</hasBlockWithPeriodicDiscreteSampleTime>
    <hasBwsAccessed>true</hasBwsAccessed>
    <hasBwsAccessedByAnyModel>true</hasBwsAccessedByAnyModel>
    <hasSignalLogging>true</hasSignalLogging>
    <isBdInSimModeForSimCodegenVariants>false</isBdInSimModeForSimCodegenVariants>
    <loggingSaveFormat>2</loggingSaveFormat>
    <maxFreqHz>-1.0</maxFreqHz>
    <needAbsoluteTimeForNonLoggingPurpose>true</needAbsoluteTimeForNonLoggingPurpose>
    <numDataInputPorts>0</numDataInputPorts>
    <runtimeNonFcnCallRateInfos type="ModelRefInfoRepo.RateInfo">
      <compiled>true</compiled>
      <needAbsoluteTime>true</needAbsoluteTime>
      <nonFcnCallPartitionName>D1</nonFcnCallPartitionName>
      <period>.001</period>
      <priority>40</priority>
      <rateIdx>0</rateIdx>
    </runtimeNonFcnCallRateInfos>
    <sampleTimeInheritanceRule>2</sampleTimeInheritanceRule>
    <timingAndTaskingRegistry>&lt;?xml version=&quot;1.0&quot;?&gt;
&lt;slexec_sto version=&quot;1.1&quot; packageUris=&quot;http://schema.mathworks.com/mf0/slexec_mm_sto/R2019b_201902271317&quot;&gt;
  &lt;sto.Registry type=&quot;sto.Registry&quot; uuid=&quot;b6377d4a-18e4-4d5e-95e7-4c975e5466da&quot;&gt;
    &lt;clocks type=&quot;sto.Timer&quot; uuid=&quot;ca355060-2922-4c61-a01c-7bb5bad3dbe0&quot;&gt;
      &lt;needsToProvideTimeDuringExecution&gt;true&lt;/needsToProvideTimeDuringExecution&gt;
      &lt;clockTickConstraint&gt;PeriodicWithFixedResolution&lt;/clockTickConstraint&gt;
      &lt;resolution&gt;.001&lt;/resolution&gt;
      &lt;specifiedTaskingMode&gt;ClassicMultiTasking&lt;/specifiedTaskingMode&gt;
      &lt;timeAdvanceMode&gt;FixedStep&lt;/timeAdvanceMode&gt;
      &lt;clockDomain type=&quot;sto.ClockDomain&quot; uuid=&quot;2c57fce5-75b1-4a21-91c3-8f8fd28bec34&quot;&gt;
        &lt;baseTaskID&gt;_task0&lt;/baseTaskID&gt;
        &lt;computedFundamentalStepSize&gt;.001&lt;/computedFundamentalStepSize&gt;
        &lt;rates type=&quot;sto.Rate&quot; uuid=&quot;76b39766-36e4-48ec-9389-d47ded23eae2&quot;/&gt;
        &lt;rootTaskHierarchyElements type=&quot;sto.Task&quot; uuid=&quot;f0dee34b-32a7-4bd4-b8b9-f82f68614f3e&quot;&gt;
          &lt;isExecutable&gt;true&lt;/isExecutable&gt;
          &lt;orderIndex&gt;1&lt;/orderIndex&gt;
          &lt;rates type=&quot;sto.Rate&quot; uuid=&quot;76b39766-36e4-48ec-9389-d47ded23eae2&quot;&gt;
            &lt;annotation&gt;D1&lt;/annotation&gt;
            &lt;colorIndex&gt;2&lt;/colorIndex&gt;
            &lt;description&gt;Discrete 1&lt;/description&gt;
            &lt;eventSourceType&gt;UNSPECIFIED_EVENT_SOURCE&lt;/eventSourceType&gt;
            &lt;registry type=&quot;sto.Registry&quot; uuid=&quot;b6377d4a-18e4-4d5e-95e7-4c975e5466da&quot;/&gt;
            &lt;taskId&gt;_task0&lt;/taskId&gt;
            &lt;rateSpec type=&quot;sto.RateSpec&quot; uuid=&quot;dd2af3c4-e0ce-49b7-9874-4dc08be673ca&quot;&gt;
              &lt;period&gt;.001&lt;/period&gt;
              &lt;rateType&gt;ClassicPeriodicDiscrete&lt;/rateType&gt;
            &lt;/rateSpec&gt;
          &lt;/rates&gt;
          &lt;elementType&gt;Task&lt;/elementType&gt;
          &lt;identifier&gt;_task0&lt;/identifier&gt;
          &lt;priority&gt;40&lt;/priority&gt;
        &lt;/rootTaskHierarchyElements&gt;
      &lt;/clockDomain&gt;
    &lt;/clocks&gt;
    &lt;clocks type=&quot;sto.Event&quot; uuid=&quot;39e6b8ab-437a-4d7f-b196-9c20b4c31254&quot;&gt;
      &lt;clientId&gt;ParameterChangeEvent&lt;/clientId&gt;
      &lt;eventType&gt;PARAMETER_CHANGE_EVENT&lt;/eventType&gt;
      &lt;cNum&gt;1&lt;/cNum&gt;
      &lt;clockType&gt;Event&lt;/clockType&gt;
      &lt;identifier&gt;ParameterChangeEvent&lt;/identifier&gt;
      &lt;resolution&gt;-1.0&lt;/resolution&gt;
      &lt;specifiedTaskingMode&gt;ExplicitTasking&lt;/specifiedTaskingMode&gt;
      &lt;timeAdvanceMode&gt;None&lt;/timeAdvanceMode&gt;
      &lt;clockDomain type=&quot;sto.ClockDomain&quot; uuid=&quot;84ad8629-ee30-435e-9489-268fb4c95539&quot;&gt;
        &lt;computedFundamentalStepSize&gt;-1.0&lt;/computedFundamentalStepSize&gt;
        &lt;rates type=&quot;sto.Rate&quot; uuid=&quot;9d982643-1fcf-43d0-b82d-cbca699e1cdd&quot;/&gt;
        &lt;rootTaskHierarchyElements type=&quot;sto.Task&quot; uuid=&quot;a7fc0604-7249-4e8f-9d16-5f9d876a64cd&quot;&gt;
          &lt;isExplicit&gt;true&lt;/isExplicit&gt;
          &lt;rates type=&quot;sto.Rate&quot; uuid=&quot;9d982643-1fcf-43d0-b82d-cbca699e1cdd&quot;&gt;
            &lt;eventSourceType&gt;PARAMETER_CHANGE_EVENT&lt;/eventSourceType&gt;
            &lt;rateIDX&gt;-1&lt;/rateIDX&gt;
            &lt;registry type=&quot;sto.Registry&quot; uuid=&quot;b6377d4a-18e4-4d5e-95e7-4c975e5466da&quot;/&gt;
            &lt;stringID&gt;ParameterChangeEvent&lt;/stringID&gt;
            &lt;taskId&gt;ModelWideParameterChangeEvent&lt;/taskId&gt;
            &lt;useForExecution&gt;NotForExecution&lt;/useForExecution&gt;
            &lt;rateSpec type=&quot;sto.RateSpec&quot; uuid=&quot;29320430-cfe9-4570-b5f5-3167b1660bb9&quot;&gt;
              &lt;period&gt;Inf&lt;/period&gt;
              &lt;rateType&gt;ModelWideParameterChangeEvent&lt;/rateType&gt;
            &lt;/rateSpec&gt;
          &lt;/rates&gt;
          &lt;tNum&gt;1&lt;/tNum&gt;
          &lt;elementType&gt;Task&lt;/elementType&gt;
          &lt;identifier&gt;ModelWideParameterChangeEvent&lt;/identifier&gt;
          &lt;priority&gt;-1&lt;/priority&gt;
          &lt;schedulingClockID&gt;ParameterChangeEvent&lt;/schedulingClockID&gt;
        &lt;/rootTaskHierarchyElements&gt;
      &lt;/clockDomain&gt;
    &lt;/clocks&gt;
    &lt;executionSpec&gt;Undetermined&lt;/executionSpec&gt;
    &lt;taskDependencyGraph type=&quot;sto.SerializedTaskConnectionList&quot; uuid=&quot;8a9f5d24-f4f3-4741-b41d-35a49ef15840&quot;&gt;
      &lt;taskIdentifier&gt;_task0&lt;/taskIdentifier&gt;
    &lt;/taskDependencyGraph&gt;
    &lt;taskDependencyGraph type=&quot;sto.SerializedTaskConnectionList&quot; uuid=&quot;a7501e98-6c63-4cea-975b-5f66115b56cc&quot;&gt;
      &lt;clockIdentifier&gt;ParameterChangeEvent&lt;/clockIdentifier&gt;
      &lt;taskIdentifier&gt;ModelWideParameterChangeEvent&lt;/taskIdentifier&gt;
    &lt;/taskDependencyGraph&gt;
    &lt;taskingMode&gt;ClassicMultiTasking&lt;/taskingMode&gt;
    &lt;tasks type=&quot;sto.Task&quot; uuid=&quot;f0dee34b-32a7-4bd4-b8b9-f82f68614f3e&quot;/&gt;
    &lt;tasks type=&quot;sto.Task&quot; uuid=&quot;a7fc0604-7249-4e8f-9d16-5f9d876a64cd&quot;/&gt;
    &lt;timeAdvanceMode&gt;FixedStep&lt;/timeAdvanceMode&gt;
  &lt;/sto.Registry&gt;
&lt;/slexec_sto&gt;</timingAndTaskingRegistry>
    <zeroCrossingInfo type="ModelRefInfoRepo.ZeroCrossingInfo" uuid="ca9d9ede-58d1-4cdc-b426-70906ec7c251">
      <direction>7</direction>
      <isDiscrete>true</isDiscrete>
      <name>Trig</name>
      <needsEventNotification>true</needsEventNotification>
      <tolerance>-1.0</tolerance>
      <type>1</type>
      <width>1</width>
    </zeroCrossingInfo>
    <zeroCrossingInfo type="ModelRefInfoRepo.ZeroCrossingInfo" uuid="312d555c-5f4c-4016-af6e-1a3cc0bae054">
      <direction>7</direction>
      <isDiscrete>true</isDiscrete>
      <name>Trig</name>
      <needsEventNotification>true</needsEventNotification>
      <tolerance>-1.0</tolerance>
      <type>1</type>
      <width>1</width>
    </zeroCrossingInfo>
    <zeroCrossingInfo type="ModelRefInfoRepo.ZeroCrossingInfo" uuid="373f4252-3df6-42cc-923f-90bec9e84ee6">
      <direction>7</direction>
      <isDiscrete>true</isDiscrete>
      <name>Trig</name>
      <needsEventNotification>true</needsEventNotification>
      <tolerance>-1.0</tolerance>
      <type>1</type>
      <width>1</width>
    </zeroCrossingInfo>
    <zeroCrossingInfo type="ModelRefInfoRepo.ZeroCrossingInfo" uuid="de672a00-9607-4c4c-96a8-bc72b7d20c03">
      <direction>7</direction>
      <isDiscrete>true</isDiscrete>
      <name>Trig</name>
      <needsEventNotification>true</needsEventNotification>
      <tolerance>-1.0</tolerance>
      <type>1</type>
      <width>1</width>
    </zeroCrossingInfo>
    <zeroCrossingInfo type="ModelRefInfoRepo.ZeroCrossingInfo" uuid="d3be66f9-9b7f-461c-b66e-c2d3737191f3">
      <direction>7</direction>
      <isDiscrete>true</isDiscrete>
      <name>Trig</name>
      <needsEventNotification>true</needsEventNotification>
      <tolerance>-1.0</tolerance>
      <type>1</type>
      <width>1</width>
    </zeroCrossingInfo>
    <zeroCrossingInfo type="ModelRefInfoRepo.ZeroCrossingInfo" uuid="559a627d-886e-40d1-93fa-f9cb234db86b">
      <direction>7</direction>
      <isDiscrete>true</isDiscrete>
      <name>Trig</name>
      <needsEventNotification>true</needsEventNotification>
      <tolerance>-1.0</tolerance>
      <type>1</type>
      <width>1</width>
    </zeroCrossingInfo>
    <zeroCrossingInfo type="ModelRefInfoRepo.ZeroCrossingInfo" uuid="8f4c2f8d-9c8f-4a69-9aed-bd5387d2c9b6">
      <direction>7</direction>
      <isDiscrete>true</isDiscrete>
      <name>Trig</name>
      <needsEventNotification>true</needsEventNotification>
      <tolerance>-1.0</tolerance>
      <type>1</type>
      <width>1</width>
    </zeroCrossingInfo>
    <zeroCrossingInfo type="ModelRefInfoRepo.ZeroCrossingInfo" uuid="9abcfa07-b011-4b04-b753-bb38eaf90e32">
      <direction>7</direction>
      <isDiscrete>true</isDiscrete>
      <name>Trig</name>
      <needsEventNotification>true</needsEventNotification>
      <tolerance>-1.0</tolerance>
      <type>1</type>
      <width>1</width>
    </zeroCrossingInfo>
    <zeroCrossingInfo type="ModelRefInfoRepo.ZeroCrossingInfo" uuid="7372de8a-b433-4743-a0a0-0e71bfd481cf">
      <direction>7</direction>
      <isDiscrete>true</isDiscrete>
      <name>Trig</name>
      <needsEventNotification>true</needsEventNotification>
      <tolerance>-1.0</tolerance>
      <type>1</type>
      <width>1</width>
    </zeroCrossingInfo>
    <FMUBlockMap type="ModelRefInfoRepo.FMUBlockInfo" uuid="b606e851-78b4-49f2-8e38-c6ac68152db9"/>
    <codeGenInfo type="ModelRefInfoRepo.CodeGenInformation" uuid="19875edc-23ec-4de9-962d-4d5c5d8d8724"/>
    <configSettingsForConsistencyChecks type="ModelRefInfoRepo.ConfigSettingsForConsistencyChecks" uuid="db7aa578-2e92-482d-969a-84f509240f00">
      <concurrentTaskSupport>true</concurrentTaskSupport>
      <consistentOutportInitialization>true</consistentOutportInitialization>
      <fixedStepSize>.001</fixedStepSize>
      <frameDiagnosticSetting>2</frameDiagnosticSetting>
      <hasHybridSampleTime>true</hasHybridSampleTime>
      <signalLoggingSaveFormat>2</signalLoggingSaveFormat>
      <simSIMDOptimization>1</simSIMDOptimization>
      <solverName>FixedStepDiscrete</solverName>
      <solverType>SOLVER_TYPE_FIXEDSTEP</solverType>
      <hardwareSettings type="ModelRefInfoRepo.HardwareSettings" uuid="96728632-5825-4797-8b8e-dbec0a8a862e">
        <prodBitPerChar>8</prodBitPerChar>
        <prodBitPerDouble>64</prodBitPerDouble>
        <prodBitPerFloat>32</prodBitPerFloat>
        <prodBitPerInt>32</prodBitPerInt>
        <prodBitPerLong>64</prodBitPerLong>
        <prodBitPerLongLong>64</prodBitPerLongLong>
        <prodBitPerPointer>64</prodBitPerPointer>
        <prodBitPerPtrDiffT>64</prodBitPerPtrDiffT>
        <prodBitPerShort>16</prodBitPerShort>
        <prodBitPerSizeT>64</prodBitPerSizeT>
        <prodEndianess>1</prodEndianess>
        <prodLongLongMode>true</prodLongLongMode>
        <prodShiftRight>true</prodShiftRight>
        <prodWordSize>64</prodWordSize>
      </hardwareSettings>
    </configSettingsForConsistencyChecks>
    <controllableInputRatesMap type="ModelRefInfoRepo.VarTsUIDMap" uuid="3c90ad22-c1df-45c5-ba93-ec094a3f6a85"/>
    <controllableOutputRatesMap type="ModelRefInfoRepo.VarTsUIDMap" uuid="a611f0dd-5f47-40e8-8263-3653ca51d991"/>
    <dataPortGroup type="ModelRefInfoRepo.DataPortGroup" uuid="807cf1d9-92af-442b-bdc0-cbf87d4f4ca3"/>
    <expFcnUnconnectedDataPortGroup type="ModelRefInfoRepo.DataPortGroup" uuid="eba31952-69b2-4458-8ae2-dddb973d70b1"/>
    <interfaceParameterInfo type="ModelRefInfoRepo.InterfaceParameterInfo" uuid="c756f677-2143-4c00-b162-d56f087a6c5e">
      <globalVariables type="ModelRefInfoRepo.BuiltinParameter" uuid="b678587f-6b7a-4f1c-a2e7-e040fb39ee12">
        <dimensions>1</dimensions>
        <dimensions>120</dimensions>
        <isUsed>true</isUsed>
        <numDimensions>2</numDimensions>
        <parameterName>theta1_final</parameterName>
      </globalVariables>
      <globalVariables type="ModelRefInfoRepo.BuiltinParameter" uuid="d2f71522-e091-4971-a003-37d626a653e3">
        <dimensions>1</dimensions>
        <dimensions>120</dimensions>
        <isUsed>true</isUsed>
        <numDimensions>2</numDimensions>
        <parameterName>theta2_final</parameterName>
      </globalVariables>
    </interfaceParameterInfo>
    <messageInfo type="ModelRefInfoRepo.MessageInformation" uuid="1ece3f78-52cd-47d0-b430-5b4bcc39f3e2"/>
    <methodInfo type="ModelRefInfoRepo.MethodExistenceInfo" uuid="ebc0a300-a008-4423-86c2-4d05f5fd5439">
      <hasSystemInitializeMethod>true</hasSystemInitializeMethod>
      <hasSystemResetMethod>true</hasSystemResetMethod>
      <hasTerminateMethod>true</hasTerminateMethod>
      <hasUpdateMethod>true</hasUpdateMethod>
    </methodInfo>
    <periodicEventPortUnsupportedBlockInfo type="ModelRefInfoRepo.PeriodicEventPortUnsupportedBlockInfo" uuid="e785138f-4b10-4f6b-ac4a-83904af4ee84"/>
    <portGroupsRequireSameRate type="ModelRefInfoRepo.PortGroupsRequireSameRate" uuid="f7a5be8c-ec9c-4bb8-878a-70e9ce4a8c1d">
      <DSMPortGroups type="ModelRefInfoRepo.NameToPortGroupIdxVectMap" uuid="09051e93-584a-4661-93b4-9381991c6913"/>
      <GlobalDSMPortGroups type="ModelRefInfoRepo.NameToPortGroupIdxVectMap" uuid="e7bd43ed-ec3b-42dc-bb82-a189b59238f3"/>
      <mergedPortGroups type="ModelRefInfoRepo.NameToPortGroupIdxVectMap" uuid="ffa305d4-a5b0-4b5a-862b-8434eef99cb0"/>
    </portGroupsRequireSameRate>
    <rateSpecOfGlobalDSMAccessedByDescExpFcnMdlMap type="ModelRefInfoRepo.GlobalDSMRateSpecMap" uuid="3f523458-e7f6-4204-a31f-5c3997a804eb"/>
    <rootBlockDiagramInterface type="ci.Model" uuid="4be1a18b-9967-4f52-b6ac-e5f4f253f908">
      <p_RootComponentInterface type="ci.ComponentInterface" uuid="34d26b72-65c9-4a41-a78b-ac1c03cea11e">
        <p_Name>TestKinematics</p_Name>
        <p_Type>ROOT</p_Type>
      </p_RootComponentInterface>
    </rootBlockDiagramInterface>
    <simulinkFunctions type="ModelRefInfoRepo.SimulinkFunctions" uuid="c805fe71-6dbf-444d-9fd4-6f986b625c22">
      <compSimulinkFunctionCatalog></compSimulinkFunctionCatalog>
    </simulinkFunctions>
    <stateWriterToOwnerMap type="ModelRefInfoRepo.StateWriterInfo" uuid="81969ef7-671b-4b8e-9109-2b30dfd620b2"/>
    <stoClientDataRegistry type="sto.ClientDataRegistry" uuid="24725963-9007-4297-b9e2-3099d2ab89fa">
      <dataSets type="sto.ClientClockNamedDataSet" uuid="7687466a-129b-4d8d-bd6a-9362434ce577">
        <tag>sltpEvents</tag>
      </dataSets>
      <dataSets type="sto.ClientTaskHierarchyElementNamedDataSet" uuid="67eaba6a-1926-4ce7-83fa-e93727f5f10d">
        <tag>sltpTaskGroups</tag>
      </dataSets>
      <dataSets type="sto.ClientTaskHierarchyElementNamedDataSet" uuid="362ca344-840d-40dc-bd6e-a2adbcec7985">
        <dSet type="ModelRefInfoRepo.SltpTaskData" uuid="72129fa9-148f-4b85-b65d-7fb97d02c9ca"/>
        <tSet type="ModelRefInfoRepo.SltpTaskData" uuid="72129fa9-148f-4b85-b65d-7fb97d02c9ca">
          <dataName>D1</dataName>
          <linkedSet type="sto.ClientTaskHierarchyElementNamedDataSet" uuid="362ca344-840d-40dc-bd6e-a2adbcec7985"/>
          <id type="sto.TaskHierarchyElementId">
            <id>_task0</id>
          </id>
        </tSet>
        <tag>sltpTasks</tag>
      </dataSets>
    </stoClientDataRegistry>
    <varTsUIDMap type="ModelRefInfoRepo.VarTsUIDMap" uuid="5e913ce0-4a14-413a-b105-31424f0d3edf"/>
  </ModelRefInfoRepo.ModelRefInfoRoot>
</MF0>